{"sections":{"main":{"type":"product-custom","blocks":{"flavor_FFWVte":{"type":"flavor","settings":{"label":"Chocolate","image":"shopify:\/\/shop_images\/Screenshot2025-07-09114452.png","flavor_type":"flavor1"}},"flavor_J8iDdP":{"type":"flavor","settings":{"label":"Chocolate","flavor_type":"flavor1"}},"flavor_HXjhPR":{"type":"flavor","settings":{"label":"Chocolate","flavor_type":"flavor1"}},"flavor_3dwAXF":{"type":"flavor","settings":{"label":"Chocolate","flavor_type":"flavor1"}},"flavor_hpC9jL":{"type":"flavor","settings":{"label":"Chocolate","flavor_type":"flavor1"}}},"block_order":["flavor_FFWVte","flavor_J8iDdP","flavor_HXjhPR","flavor_3dwAXF","flavor_hpC9jL"],"settings":{"product_heading":"Lorem Ipsum","product_description":"ddddddddd","recommended_label":"Recommended","single_label":"Single Drink Subscription","double_label":"Double Drink Subscription","flavor1_heading":"Choose Flavor 1:","flavor2_heading":"Choose Flavor 2:","included_heading":"What's Included:","frequency_label":"Every 30 Days","onetime_label":"One Time (Free)","include1":"✓ Lorem Ipsum Dolor Sit Amet, Consectetur.","include2":"✓ Includes 1 bottle","include3":"✓ Ships every 30 days","double_include1":"✓ Lorem Ipsum Dolor Sit Amet, Consectetur.","double_include2":"✓ Includes 2 bottles","double_include3":"✓ Ships every 30 days","button_label":"Add to Cart"}}},"order":["main"]}